path,errors,warnings,AutomatedReadability,ColemanLiau,FleschKincaid,FleschReadingEase,GunningFog,LIX,SMOG
CHANGELOG.md,9,188,5.03,7.87,7.83,57.63,11.28,37.98,11.56
CONTRIBUTING.md,0,0,6.76,9.84,8.01,57.23,15.31,38.27,13.02
LICENSE.md,0,8,10.61,14.19,10.97,37.97,15.78,53.88,14.01
README.md,0,28,8.3,11.79,9.59,45.8,12.5,44.12,12.41
SECURITY.md,0,11,10.44,11.43,11.95,40.39,12.94,51.88,13.35
docs/api/index.md,0,3,8.26,11.07,8.71,54.94,11.97,41.53,11.91
docs/examples/builds/balloon-block-editor.md,0,3,8.35,11.71,8.97,50.87,10.54,39.62,11.6
docs/examples/builds/balloon-editor.md,0,0,6.85,10.64,7.66,55.94,11.28,34.66,10.91
docs/examples/builds/classic-editor.md,0,0,4.65,8.14,6.46,60.32,10.29,25.73,9.83
docs/examples/builds/document-editor.md,0,2,5.83,8.8,7.38,61.18,11.35,30.46,11.65
docs/examples/builds/inline-editor.md,0,3,6.81,10.44,7.73,56.32,11.22,33.38,11.21
docs/examples/builds/multi-root-editor.md,0,4,6.66,10.02,8.48,52.36,11.94,31.27,11.35
docs/examples/custom/bottom-toolbar-editor.md,0,5,10.06,12.9,10.58,43.25,11.08,45.6,13.16
docs/examples/experiments/mermaid.md,0,2,10.16,12.21,10.19,49.07,11.82,43.33,12.24
docs/examples/framework/content-placeholder.md,0,1,6.2,8.88,7,65.68,8.67,31.67,10.86
docs/examples/framework/data-from-external-source.md,0,0,6.19,8.58,6.76,68.56,9.26,32.6,10.5
docs/examples/framework/using-react-in-a-widget.md,0,0,6.53,9.07,7.26,64.69,10.89,34.08,11.21
docs/examples/how-tos.md,1,30,8.74,8.91,9.72,57.66,12.73,40.19,12.91
docs/examples/index.md,0,14,7.97,9.6,8.97,57.33,12.02,37.51,12.65
docs/features/editor-placeholder.md,0,11,6.5,9.58,8.24,55.27,10.44,34.65,11.13
docs/features/image-upload.md,0,29,8.02,9.93,9.32,53.92,10.7,35.93,12.23
docs/features/index.md,0,77,9.55,10.52,9.96,53.91,11.64,44.63,12.61
docs/features/keyboard-support.md,0,4,8.13,11.55,8.76,51.85,9.13,42.82,10.79
docs/features/math-equations.md,0,34,8.55,11.03,9.37,51.85,10.5,44.66,11.81
docs/features/productivity-pack.md,0,12,7.91,10.01,8.84,56.47,10.7,40.08,11.56
docs/features/read-only.md,0,42,6.87,8.4,8.31,61.47,9.64,34.46,11
docs/features/spelling-and-grammar-checking.md,0,22,10.21,12.63,10.96,42.3,12.81,46.41,13.05
docs/features/toolbar.md,0,28,6.33,9.05,7.34,63.13,8.26,36.68,9.67
docs/features/ui-language.md,0,33,6.33,8.76,7.25,65.03,9.31,37.96,10.71
docs/features/using-file-managers.md,0,9,6.31,9.97,7.5,57,8.63,29.59,10.22
docs/framework/architecture/core-editor-architecture.md,0,70,7.21,9.18,8.33,59.97,10.74,37.25,11.54
docs/framework/architecture/editing-engine.md,7,155,7.93,9.59,8.46,60.85,10.63,39.23,11.57
docs/framework/architecture/intro.md,0,8,7.47,10.68,8.3,55.34,12.09,39.78,11.7
docs/framework/architecture/ui-components.md,0,37,3.52,6.74,5.4,69.37,7.79,31.46,8.87
docs/framework/architecture/ui-library.md,0,53,7.39,9.37,7.96,62.75,9.7,38.1,10.62
docs/framework/contributing/code-style.md,19,140,6.11,9.52,7.12,61.06,8.68,35.4,10.44
docs/framework/contributing/contributing.md,0,42,7.55,9.07,8.1,63.64,10.78,35.02,11.31
docs/framework/contributing/development-environment.md,3,21,8.34,10.44,9.29,53.62,11.01,41.42,12.1
docs/framework/contributing/git-commit-message-convention.md,3,48,6.98,9.62,8.03,59.29,9.4,39.98,10.74
docs/framework/contributing/package-metadata.md,0,36,8.76,9.68,9.37,57.69,10.56,42.04,11.63
docs/framework/contributing/testing-environment.md,0,42,6.02,8.71,7.01,65.29,9.5,32.64,10.64
docs/framework/custom-editor-creator.md,1,8,6.59,9.28,7.68,61.17,10.89,29.21,11.09
docs/framework/deep-dive/localization.md,0,60,9.08,10.71,9.7,53.13,11.51,42.15,12.55
docs/framework/development-tools/inspector.md,0,5,8.12,9.61,9.2,56.39,12.79,40.14,12.94
docs/framework/development-tools/mrgit.md,3,18,7.13,9.39,9.11,53.18,11.68,39.33,12.06
docs/framework/development-tools/package-generator/javascript-package.md,2,27,7.34,10.88,7.75,57.51,8.79,41.64,10.59
docs/framework/development-tools/package-generator/typescript-package.md,4,38,7.38,11,7.64,57.93,8.86,41.68,10.52
docs/framework/development-tools/package-generator/using-package-generator.md,0,7,7.62,10.91,8.59,53.04,9.85,43.23,11.02
docs/framework/development-tools/testing-helpers.md,0,1,7.42,10.5,7.75,59.88,9.07,35.18,10.91
docs/framework/index.md,0,42,8.1,11.33,9,50.94,11.19,41.18,12.09
docs/framework/quick-start.md,2,26,6.81,8.95,8.09,60.62,11.34,37.53,11.94
docs/index.md,0,3,5.81,8.89,7.15,62.23,10.58,37.98,11.11
docs/installation/advanced/content-styles.md,7,8,8.68,8.62,8.62,66.3,11.63,37.17,11.65
docs/installation/advanced/csp.md,0,11,6.69,8.96,7.92,61.26,10.02,33.65,11.42
docs/installation/advanced/dll-builds-collaboration-features.md,0,10,7.52,9.62,8.61,57.79,10.9,37.33,11.68
docs/installation/advanced/dll-builds.md,0,23,6.33,8.84,7.17,65.3,9.42,34.4,10.74
docs/installation/advanced/integrating-from-source-vite.md,2,16,6.65,9.17,7.43,63.69,9.28,34.69,10.78
docs/installation/advanced/integrating-from-source-webpack.md,0,37,8.06,9.58,8.76,59.36,11.23,39.04,11.91
docs/installation/advanced/using-two-editors.md,1,22,5.62,7.66,6.32,72.58,9.25,31.19,10.16
docs/installation/getting-started/api-and-events.md,0,9,5.43,6.94,7.73,64.33,10.96,29.64,11.21
docs/installation/getting-started/configuration.md,1,18,6.9,9.11,7.87,62.04,10.41,39.14,11.04
docs/installation/getting-started/editor-lifecycle.md,1,10,9.02,10.87,10.08,49.48,12.83,39.27,12.89
docs/installation/getting-started/extending-features.md,0,5,6.45,9.45,8.35,54.8,10.14,36.84,10.54
docs/installation/getting-started/getting-and-setting-data.md,0,8,5.92,7.79,7.82,62.74,10.43,33.57,10.69
docs/installation/getting-started/predefined-builds.md,0,80,6.44,9.09,8.05,58.49,10.98,35.81,11.57
docs/installation/getting-started/quick-start-other.md,1,32,6.48,9.23,7.22,64.04,9.07,35.02,10.5
docs/installation/getting-started/quick-start.md,5,30,8.13,10.09,9.19,54.67,12.49,39.5,12.44
docs/installation/index.md,0,10,6.88,8.82,8.01,62.08,11.85,34.92,12.16
docs/installation/integrations/angular.md,0,48,6.76,9.4,8.2,57.75,11.37,36.25,11.87
docs/installation/integrations/css.md,1,16,9.67,11.09,10.29,50.17,13.55,41.1,13.41
docs/installation/integrations/dotnet.md,0,17,9.77,9.47,9.7,60.17,12.87,41.1,12.3
docs/installation/integrations/drupal-real-time-collaboration.md,1,21,9.66,11.06,10.42,49.27,11.63,43.28,12.46
docs/installation/integrations/laravel.md,0,15,10.63,9.95,10.61,55.64,14.06,44.07,13.21
docs/installation/integrations/next-js.md,1,26,7.35,9.07,8.03,63.22,10.62,35.38,11.25
docs/installation/integrations/other.md,1,4,10.81,13.12,12.6,31.43,17.73,52.33,15.9
docs/installation/integrations/overview.md,0,13,8.23,11.77,9.67,44.89,14.34,43.13,12.81
docs/installation/integrations/react.md,7,62,7.14,9.82,8.02,59.36,10.3,37.3,11.12
docs/installation/integrations/vuejs-v2.md,4,35,7.28,9.68,8.62,56.28,11.96,38.34,12.27
docs/installation/integrations/vuejs-v3.md,7,41,7.57,10.04,8.86,54.57,12.11,39.23,12.39
docs/installation/plugins/features-html-output-overview.md,0,5,6.96,9.86,8.28,56.31,10.1,39.64,11.37
docs/installation/plugins/installing-plugins.md,3,21,7.82,9.71,8.81,57.45,11.52,40.72,12.21
docs/installation/plugins/plugins.md,0,6,8.69,11.77,9.75,46.88,10.68,46.58,12.02
docs/installation/working-with-typescript.md,4,8,8.28,11.47,9.23,49.73,12.94,42.37,12.44
docs/support/browser-compatibility.md,0,5,7.51,11.46,8.46,50.11,9.4,42.82,10.59
docs/support/error-codes.md,0,0,8.54,13.01,7.93,50.67,8.51,45.1,9.73
docs/support/index.md,0,2,9.41,12.3,9.3,51.56,13.92,46.33,13.02
docs/support/license-and-legal.md,0,6,10.31,12.1,10.67,46.64,13.92,54.51,13.9
docs/support/license-key-and-activation.md,0,16,7.21,9.38,8.9,55.13,12.54,41.11,12.25
docs/support/managing-ckeditor-logo.md,3,29,6.24,8.18,8.31,59.25,11.17,34.98,11.7
docs/support/reporting-issues.md,0,15,6.21,8.85,7.44,62.69,9.08,32.81,10.71
docs/tutorials/abbreviation-plugin-tutorial/abbreviation-plugin-level-1.md,4,68,7.31,8.53,8.37,62.53,10.14,34.87,10.9
docs/tutorials/abbreviation-plugin-tutorial/abbreviation-plugin-level-2.md,0,113,5.23,6.16,6.12,77.87,8.26,28,8.88
docs/tutorials/abbreviation-plugin-tutorial/abbreviation-plugin-level-3.md,0,136,7.97,8.5,8.72,63.04,10.45,35.5,11.02
docs/tutorials/crash-course/commands.md,0,41,7.19,9.35,7.87,62.48,9.19,38.11,11.21
docs/tutorials/crash-course/data-conversion.md,0,19,8,9.62,8.9,57.87,9.82,37.34,11.21
docs/tutorials/crash-course/editor.md,1,32,5.43,7.82,6.6,68.9,8.4,31.42,9.99
docs/tutorials/crash-course/events-and-observables.md,0,20,8.81,10.07,9.22,57.63,10.62,39.82,12.16
docs/tutorials/crash-course/keystrokes.md,1,24,10.25,9.79,10.33,56.65,11.41,46.18,11.78
docs/tutorials/crash-course/model-and-schema.md,1,37,5.58,7.39,6.35,73.21,8.01,30.53,10.27
docs/tutorials/crash-course/plugin-configuration.md,0,22,8.42,9.6,9.47,55.74,11.14,36.38,11.72
docs/tutorials/crash-course/plugins.md,0,18,6.98,8.62,7.84,64.54,9.93,35.46,10.58
docs/tutorials/crash-course/view.md,0,25,6.98,8.93,7.75,64.02,9.38,36.28,11.14
docs/tutorials/creating-simple-plugin-timestamp.md,1,48,6.53,7.58,7.36,69.63,9.63,32.68,10.22
docs/tutorials/index.md,3,10,10.66,9.79,11.27,51.54,13.96,44.08,13.99
docs/tutorials/widgets/data-from-external-source.md,0,32,7.62,9.21,8.8,58.41,10.32,37.34,11.49
docs/tutorials/widgets/implementing-a-block-widget.md,11,77,6.97,8.45,8,63.95,9.76,34.24,10.68
docs/tutorials/widgets/implementing-an-inline-widget.md,0,23,7.54,9.65,8.64,57.51,10.58,36.37,11.3
docs/tutorials/widgets/using-react-in-a-widget.md,3,33,8.74,9.28,9.2,60.14,11.59,39.52,11.86
docs/updating/changelog.md,0,0,7.85,10.59,8.64,55.4,10.6,39.5,11.46
docs/updating/ckeditor4-configuration-compatibility.md,0,33,7.29,9.31,9,55.05,11.92,39.07,12.13
docs/updating/ckeditor4-plugin-compatibility.md,0,1,7.75,12.01,10.94,30.02,13.67,54.17,12.16
docs/updating/ckeditor4-troubleshooting.md,0,13,6.65,8.62,7.68,64.07,9.92,36.48,11.1
docs/updating/index.md,0,9,11.97,12,12.2,43,16,50.69,15.08
docs/updating/maintaining.md,0,24,10.25,11.03,11.31,45.48,12.96,46.8,13.51
docs/updating/migration-from-ckeditor-4.md,0,23,9.02,10.88,10.29,47.95,12.91,45.34,13.21
docs/updating/release-process.md,0,33,11.21,12.06,11.4,45.41,12.39,47.4,13.94
docs/updating/update-to-25.md,0,25,9.12,11.54,10.12,47.25,12.35,41.76,12.81
docs/updating/update-to-26.md,0,15,5.79,8.76,6.85,64.91,8.25,34.52,9.98
docs/updating/update-to-27.md,0,20,7.52,8.8,8.6,60.84,10.96,38.54,11.86
docs/updating/update-to-28.md,0,5,9.64,14.3,10.93,27.3,17.54,55.56,12.31
docs/updating/update-to-29.md,0,36,6.55,8.88,8.06,59.8,8.83,34.93,10.68
docs/updating/update-to-30.md,0,1,8.2,9.52,9.73,53.23,12.65,40.13,13.3
docs/updating/update-to-31.md,0,8,6.21,8.11,7.43,65.79,9.16,36.89,11.36
docs/updating/update-to-32.md,0,34,7.45,9.73,8.85,55.3,11.79,40.93,12.43
docs/updating/update-to-33.md,0,18,8.51,10.3,9.46,53.7,10.77,41.91,11.5
docs/updating/update-to-34.md,0,24,10.18,10.46,11.01,49.23,13.14,44.68,13.66
docs/updating/update-to-35.md,0,52,8.52,10.12,9.36,55.17,11.08,40.96,11.86
docs/updating/update-to-36.md,0,2,3.78,6.61,5.97,69.25,7.54,31.65,9.99
docs/updating/update-to-37.md,0,32,7.5,10.48,7.92,59.15,8.74,42.24,10.41
docs/updating/update-to-38.md,0,16,9.35,9.45,10.22,54.8,12.81,45.72,13.27
docs/updating/update-to-39.md,0,2,9.52,9.68,11.12,48.26,13.27,43.98,13.82
docs/updating/update-to-40.md,0,70,7.81,10.38,8.78,55,9.44,40.05,11.39
docs/updating/updating-ckeditor-5.md,0,46,8.59,9.48,10.07,52.63,12.93,41.7,13.78
docs/updating/versioning-policy.md,0,47,10.49,10.9,11.66,44.41,12.55,50.3,13.91
external/ckeditor5-commercial/docs/examples/builds/collaborative-document-editor.md,0,13,9.44,11.05,10.22,49.76,12.83,41.62,13.37
external/ckeditor5-commercial/docs/examples/builds/full-featured-editor.md,0,9,10.34,11.15,10.61,50.5,12.05,46.23,12.94
external/ckeditor5-commercial/docs/features/context-and-collaboration-features.md,0,37,8.79,10.76,9.88,50.35,11.85,43.28,12.1
external/ckeditor5-commercial/docs/features/users.md,0,12,8.52,10.68,9.91,49.13,11.08,37.93,11.65
packages/ckeditor5-enter/CONTRIBUTING.md,0,0,6.76,9.84,8.01,57.23,15.31,38.27,13.02
packages/ckeditor5-enter/LICENSE.md,0,3,10.44,13.34,10.2,46.12,14.27,56.73,13.48
packages/ckeditor5-enter/README.md,0,1,5.24,8.89,6.89,58.15,10.96,37.61,9.96
packages/ckeditor5-enter/docs/api/enter.md,0,1,4.95,8.24,7.41,51.41,8.16,39.26,9.12
packages/ckeditor5-essentials/CHANGELOG.md,1,28,10.39,15.33,12.11,20.3,13.29,55.91,11.75
packages/ckeditor5-essentials/CONTRIBUTING.md,0,0,6.76,9.84,8.01,57.23,15.31,38.27,13.02
packages/ckeditor5-essentials/LICENSE.md,0,3,10.64,13.59,10.32,45.23,14.69,56.73,13.71
packages/ckeditor5-essentials/README.md,0,1,5.18,7.78,7.09,51.8,9.69,40.59,8.84
packages/ckeditor5-essentials/docs/api/essentials.md,0,0,4.38,6.85,6.67,54.91,7.3,39.18,8.55
packages/ckeditor5-find-and-replace/CHANGELOG.md,0,1,3.94,7.2,7.4,52.7,9.07,39.33,8.84
packages/ckeditor5-find-and-replace/CONTRIBUTING.md,0,0,6.76,9.84,8.01,57.23,15.31,38.27,13.02
packages/ckeditor5-find-and-replace/LICENSE.md,0,4,11.81,14.73,11.9,35.1,16.31,58.75,15.02
packages/ckeditor5-find-and-replace/README.md,0,1,5.01,8.58,6.41,62.45,9.67,37.5,9.52
packages/ckeditor5-find-and-replace/docs/api/find-and-replace.md,0,0,3.07,5.55,4.57,70.66,6.99,32.36,7.55
packages/ckeditor5-find-and-replace/docs/features/find-and-replace.md,0,5,4.72,7.6,5.98,70.2,6.97,33.31,8.72
packages/ckeditor5-font/CHANGELOG.md,0,11,8.3,12.45,7.62,50.02,9.6,47.77,9.81
packages/ckeditor5-font/CONTRIBUTING.md,0,0,6.76,9.84,8.01,57.23,15.31,38.27,13.02
packages/ckeditor5-font/LICENSE.md,0,7,10.1,13.17,10.52,42.78,14.71,52.86,13.89
packages/ckeditor5-font/README.md,0,1,4.73,8.04,6.04,61.53,8.87,34.29,8.84
packages/ckeditor5-font/docs/api/font.md,0,0,2.5,3.16,4.3,70.23,7.3,26.76,7.17
packages/ckeditor5-font/docs/features/font.md,0,43,6.2,9.33,7.33,61.16,8.77,34.91,10.3
packages/ckeditor5-heading/CHANGELOG.md,1,24,7.42,11.47,7.38,52.32,8.41,48.18,9.54
packages/ckeditor5-heading/CONTRIBUTING.md,0,0,6.76,9.84,8.01,57.23,15.31,38.27,13.02
packages/ckeditor5-heading/LICENSE.md,0,3,10.59,13.52,10.2,46.12,14.27,57.78,13.48
packages/ckeditor5-heading/README.md,0,1,5.28,8.95,6.74,59.23,9.94,39.14,9.52
packages/ckeditor5-heading/docs/api/heading.md,0,0,3.25,4.22,5.31,63.05,7.22,35.12,7.49
packages/ckeditor5-heading/docs/features/headings.md,0,25,6.62,9.88,7.57,59.33,8.8,39.07,10.1
packages/ckeditor5-heading/docs/features/title.md,0,9,6.01,8.71,7.73,60.12,9.07,33.86,10.21
packages/ckeditor5-highlight/CHANGELOG.md,0,11,9.68,13.48,8.94,38.62,11.68,57.9,10.1
packages/ckeditor5-highlight/CONTRIBUTING.md,0,0,6.76,9.84,8.01,57.23,15.31,38.27,13.02
packages/ckeditor5-highlight/LICENSE.md,0,3,10.64,13.59,10.2,46.12,14.27,57.78,13.48
packages/ckeditor5-highlight/README.md,0,1,5.62,9.37,6.74,59.23,9.94,39.14,9.52
packages/ckeditor5-highlight/docs/api/highlight.md,0,0,3.4,5.04,5.14,64.95,7.84,32.75,7.55
packages/ckeditor5-highlight/docs/features/highlight.md,0,11,6.02,9.52,7.08,60.58,8.66,35.12,9.83
packages/ckeditor5-horizontal-line/CHANGELOG.md,0,2,10.28,13.89,10.93,23.81,12.37,61.69,10.04
packages/ckeditor5-horizontal-line/CONTRIBUTING.md,0,0,6.76,9.84,8.01,57.23,15.31,38.27,13.02
packages/ckeditor5-horizontal-line/LICENSE.md,0,3,10.69,13.59,10.41,44.87,14.65,57.46,13.71
packages/ckeditor5-horizontal-line/README.md,0,1,5.89,9.54,7.4,56.91,11.11,38.23,10.41
packages/ckeditor5-horizontal-line/docs/api/horizontal-line.md,0,0,3.47,5.26,5.6,61.88,8.74,32.11,7.91
packages/ckeditor5-horizontal-line/docs/features/horizontal-line.md,0,10,5.61,9.01,7.63,56.58,9.44,35.87,10.26
packages/ckeditor5-html-embed/CHANGELOG.md,0,1,3.94,7.2,7.4,52.7,9.07,39.33,8.84
packages/ckeditor5-html-embed/CONTRIBUTING.md,0,0,6.76,9.84,8.01,57.23,15.31,38.27,13.02
packages/ckeditor5-html-embed/LICENSE.md,0,3,10.45,13.28,10.16,46.63,14.24,56.42,13.48
packages/ckeditor5-html-embed/README.md,0,1,5.19,8.6,6.85,61.38,9.62,34.31,9.99
packages/ckeditor5-html-embed/docs/api/html-embed.md,0,0,2.86,4.5,4.99,66.21,7.71,29.54,7.55
packages/ckeditor5-html-embed/docs/features/html-embed.md,0,24,8.68,11.03,9.57,50.98,11.01,43.31,12.05
packages/ckeditor5-html-support/CHANGELOG.md,0,1,3.94,7.2,7.4,52.7,9.07,39.33,8.84
packages/ckeditor5-html-support/CONTRIBUTING.md,0,0,6.76,9.84,8.01,57.23,15.31,38.27,13.02
packages/ckeditor5-html-support/LICENSE.md,0,4,11.85,14.84,11.93,34.64,16.35,58.99,15.02
packages/ckeditor5-html-support/README.md,0,1,6.16,9.68,7.48,57.83,10.92,40.55,10.75
packages/ckeditor5-html-support/docs/api/html-support.md,0,0,2.14,3.6,4.39,70.55,7.71,32.11,7.55
packages/ckeditor5-html-support/docs/features/full-page-html.md,0,2,5.78,9.14,7,61.63,8.01,36.24,10.31
packages/ckeditor5-html-support/docs/features/general-html-support.md,0,28,7.35,9.54,8.63,57.12,10.22,40.62,11.57
packages/ckeditor5-html-support/docs/features/html-comments.md,0,7,7.19,9.88,8.28,57.45,9.58,40.33,11.12
packages/ckeditor5-image/CHANGELOG.md,0,1,5.46,8.91,6.26,59.72,8.66,40.26,9.19
packages/ckeditor5-image/CONTRIBUTING.md,0,0,6.76,9.84,8.01,57.23,15.31,38.27,13.02
packages/ckeditor5-image/LICENSE.md,0,4,11.77,14.8,11.97,34.17,16.39,58.44,15.02
packages/ckeditor5-image/README.md,0,2,5.27,8.87,7.17,57.54,9.97,37.78,9.99
packages/ckeditor5-image/docs/api/image.md,0,1,2.27,2.59,4.99,65,6.81,32.53,7.39
packages/ckeditor5-image/docs/features/images-captions.md,0,4,4.44,7.16,6.28,68.57,7.43,31.55,9.12
packages/ckeditor5-image/docs/features/images-inserting.md,0,26,5.76,7.72,7.69,63.23,8.49,31.09,10.38
packages/ckeditor5-image/docs/features/images-installation.md,0,26,7.79,10.27,9.55,49.86,9.67,39.14,11.86
packages/ckeditor5-image/docs/features/images-linking.md,0,7,3.39,5.97,6,69.91,6.93,26.13,9.16
packages/ckeditor5-image/docs/features/images-overview.md,0,28,9.28,11.19,10.19,48.75,10.51,41.86,12.26
packages/ckeditor5-image/docs/features/images-resizing.md,0,25,7.1,8.81,8.54,59.36,9.75,34.64,11.08
packages/ckeditor5-image/docs/features/images-responsive.md,0,17,8.15,10.38,9.06,54.64,10.25,37.07,11.82
packages/ckeditor5-image/docs/features/images-styles.md,0,42,8.31,10.39,9.32,53.47,10.41,37.2,11.83
packages/ckeditor5-image/docs/features/images-text-alternative.md,0,6,6.37,9.79,8.55,51.09,10.62,33.56,11.12
packages/ckeditor5-image/docs/framework/deep-dive/upload-adapter.md,4,73,8.87,9.49,9.74,56.12,11.65,36.89,12.41
packages/ckeditor5-indent/CHANGELOG.md,0,7,10.01,14.75,10.24,32.17,12.5,53.98,10.97
packages/ckeditor5-indent/CONTRIBUTING.md,0,0,6.76,9.84,8.01,57.23,15.31,38.27,13.02
packages/ckeditor5-indent/LICENSE.md,0,3,10.79,13.71,10.41,44.87,14.65,57.46,13.71
packages/ckeditor5-indent/README.md,0,1,6.1,9.96,7.48,54.15,11.27,38.7,10.13
packages/ckeditor5-indent/docs/api/indent.md,0,0,3.65,5.35,5.77,60.49,8.89,32.75,7.91
packages/ckeditor5-indent/docs/features/indent.md,0,27,7.49,10.68,8.1,56.93,9.52,40.07,10.7
packages/ckeditor5-language/CHANGELOG.md,0,1,3.94,7.2,7.4,52.7,9.07,39.33,8.84
packages/ckeditor5-language/CONTRIBUTING.md,0,0,6.76,9.84,8.01,57.23,15.31,38.27,13.02
packages/ckeditor5-language/LICENSE.md,0,3,10.6,13.4,10.13,47.12,14.2,57.16,13.48
packages/ckeditor5-language/README.md,0,3,5.96,9.26,6.65,64.81,9.23,40.41,9.89
packages/ckeditor5-language/docs/api/language.md,0,2,3.19,5.97,4.61,71.19,6.5,35.7,7.96
packages/ckeditor5-language/docs/features/language.md,0,10,7.05,10.43,7.75,57.95,9.05,40.83,10.3
packages/ckeditor5-link/CHANGELOG.md,0,39,6.74,10.73,6.39,60.31,8.12,42.02,9.43
packages/ckeditor5-link/CONTRIBUTING.md,0,0,6.76,9.84,8.01,57.23,15.31,38.27,13.02
packages/ckeditor5-link/LICENSE.md,0,4,11.74,14.75,11.88,34.84,16.39,58.44,15.02
packages/ckeditor5-link/README.md,0,1,5.09,8.57,6.75,61.3,9.23,33.9,9.99
packages/ckeditor5-link/docs/api/link.md,0,0,2.97,5.79,5.3,66.6,6.89,27.4,8.3
packages/ckeditor5-link/docs/features/link.md,0,17,7.96,10.11,9.16,54.04,11.24,37.5,12.16
packages/ckeditor5-list/CHANGELOG.md,2,27,7.01,11.09,7.24,54.62,8.84,42.95,9.78
packages/ckeditor5-list/CONTRIBUTING.md,0,0,6.76,9.84,8.01,57.23,15.31,38.27,13.02
packages/ckeditor5-list/LICENSE.md,0,3,10.39,13.28,10.07,47.01,14.27,56.73,13.48
packages/ckeditor5-list/README.md,0,1,5.5,8.94,7.32,58.42,10.31,38.45,10.69
packages/ckeditor5-list/docs/api/list.md,0,0,2.98,5.49,5.21,66.23,7.49,32.68,8.17
packages/ckeditor5-list/docs/features/document-lists.md,0,7,5.98,8.92,6.95,64.53,7.79,34.71,9.99
packages/ckeditor5-list/docs/features/lists.md,0,18,5.97,8.51,6.77,67.66,7.51,34.97,9.98
packages/ckeditor5-list/docs/features/todo-lists.md,0,7,4.59,6.85,6.3,70.74,7.8,31.4,9.54
packages/ckeditor5-markdown-gfm/CHANGELOG.md,0,27,13.28,18.89,15.35,-1.45,16.64,64.37,13.54
packages/ckeditor5-markdown-gfm/CONTRIBUTING.md,0,0,6.76,9.84,8.01,57.23,15.31,38.27,13.02
packages/ckeditor5-markdown-gfm/LICENSE.md,0,5,10.18,13.67,9.8,46.35,13.26,56.45,13.02
packages/ckeditor5-markdown-gfm/README.md,0,1,6.11,9.95,7.4,55.4,10.33,39.17,9.83
packages/ckeditor5-markdown-gfm/docs/api/markdown-gfm.md,0,0,3.88,5.91,5.73,61.07,8.6,34,7.91
packages/ckeditor5-markdown-gfm/docs/features/markdown.md,0,23,9.2,11.56,9.49,52.02,10.41,42.52,11.59
packages/ckeditor5-markdown-gfm/docs/features/paste-markdown.md,0,8,6.74,9.64,7.33,62.94,8.39,35.26,10.13
packages/ckeditor5-media-embed/CHANGELOG.md,0,12,7.24,11.33,7.24,54.08,9.69,45.41,9.87
packages/ckeditor5-media-embed/CONTRIBUTING.md,0,0,6.76,9.84,8.01,57.23,15.31,38.27,13.02
packages/ckeditor5-media-embed/LICENSE.md,0,3,10.5,13.34,10.41,44.87,14.65,56.42,13.71
packages/ckeditor5-media-embed/README.md,0,1,5.2,8.59,7.7,55.5,11.61,32.83,10.75
packages/ckeditor5-media-embed/docs/api/media-embed.md,0,0,3.12,6.02,6.01,61.71,9.52,27.12,8.84
packages/ckeditor5-media-embed/docs/features/media-embed.md,0,54,8.16,10.53,9.58,50.36,12.09,39.89,12.55
packages/ckeditor5-mention/CHANGELOG.md,5,15,7.37,11.55,7.76,50.95,9.33,45.78,9.69
packages/ckeditor5-mention/CONTRIBUTING.md,0,0,6.76,9.84,8.01,57.23,15.31,38.27,13.02
packages/ckeditor5-mention/LICENSE.md,0,4,11.85,14.89,11.97,34.17,16.39,59.24,15.02
packages/ckeditor5-mention/README.md,0,1,6.78,10.73,8.18,50.67,11.33,39.25,10.41
packages/ckeditor5-mention/docs/api/mention.md,0,0,4.62,7.45,6.58,56.15,8.13,34.05,8
packages/ckeditor5-mention/docs/examples/chat-with-mentions.md,0,1,7.77,10.15,9.06,53.72,12.47,34,12.38
packages/ckeditor5-mention/docs/features/mentions.md,0,47,6.97,9.79,8.33,56.26,9.76,38.76,10.85
packages/ckeditor5-minimap/CHANGELOG.md,0,1,3.94,7.2,7.4,52.7,9.07,39.33,8.84
packages/ckeditor5-minimap/CONTRIBUTING.md,0,0,6.76,9.84,8.01,57.23,15.31,38.27,13.02
packages/ckeditor5-minimap/LICENSE.md,0,3,10.54,13.46,10.32,45.23,14.69,57.78,13.71
packages/ckeditor5-minimap/README.md,0,1,5.96,9.66,7.47,56.18,11.18,43.1,10.41
packages/ckeditor5-minimap/docs/api/minimap.md,0,0,3.15,4.73,5.46,62.72,8.89,32.75,7.91
packages/ckeditor5-minimap/docs/features/minimap.md,0,15,6.32,8.85,7.76,61,11.24,38.23,11.4
packages/ckeditor5-page-break/CHANGELOG.md,0,1,9.72,12.32,9.59,32.39,11.37,61.76,9.42
packages/ckeditor5-page-break/CONTRIBUTING.md,0,0,6.76,9.84,8.01,57.23,15.31,38.27,13.02
packages/ckeditor5-page-break/LICENSE.md,0,3,10.45,13.28,10.04,47.51,14.24,56.42,13.48
packages/ckeditor5-page-break/README.md,0,1,4.83,8.22,5.82,68.28,9.32,33.75,9.52
packages/ckeditor5-page-break/docs/api/page-break.md,0,0,2.86,4.5,4.69,68.38,7.71,29.54,7.55
packages/ckeditor5-page-break/docs/features/page-break.md,0,6,5.75,8.27,7,65.86,8.72,33.39,10.02
packages/ckeditor5-paragraph/CHANGELOG.md,3,30,10.33,15.24,11.23,27.47,12.38,53.82,11.6
packages/ckeditor5-paragraph/CONTRIBUTING.md,0,0,6.76,9.84,8.01,57.23,15.31,38.27,13.02
packages/ckeditor5-paragraph/LICENSE.md,0,3,10.64,13.59,10.32,45.23,14.69,57.78,13.71
packages/ckeditor5-paragraph/README.md,0,1,5.92,9.73,7.75,51.2,12.19,41.35,10.29
packages/ckeditor5-paragraph/docs/api/paragraph.md,0,0,4.52,6.24,6.58,54.42,9.95,40.03,8.17
packages/ckeditor5-paste-from-office/CHANGELOG.md,3,8,8.78,13.31,9.13,41.83,10.68,46.09,10.44
packages/ckeditor5-paste-from-office/CONTRIBUTING.md,0,0,6.76,9.84,8.01,57.23,15.31,38.27,13.02
packages/ckeditor5-paste-from-office/LICENSE.md,0,3,10.55,13.34,10.13,47.12,14.2,56.13,13.48
packages/ckeditor5-paste-from-office/README.md,0,1,6.64,10.45,7.06,59.71,9.14,35.83,9.73
packages/ckeditor5-paste-from-office/docs/api/paste-from-office.md,0,0,4.15,5.94,6.01,58.68,8.57,33.19,7.79
packages/ckeditor5-paste-from-office/docs/features/paste-from-google-docs.md,0,15,8.91,11.36,8.87,55.87,9.4,41.16,10.99
packages/ckeditor5-paste-from-office/docs/features/paste-from-office.md,0,23,9.06,11.4,9.17,54.3,10.12,41.27,11.56
packages/ckeditor5-remove-format/CHANGELOG.md,0,5,11.54,15.58,11.44,20.32,12.75,65.2,10.33
packages/ckeditor5-remove-format/CONTRIBUTING.md,0,0,6.76,9.84,8.01,57.23,15.31,38.27,13.02
packages/ckeditor5-remove-format/LICENSE.md,0,3,10.6,13.46,10.29,45.75,14.24,56.42,13.48
packages/ckeditor5-remove-format/README.md,0,1,5.77,9.55,7.27,55.63,9.87,36.95,9.83
packages/ckeditor5-remove-format/docs/api/remove-format.md,0,0,3.22,4.95,5.3,64.05,7.71,29.54,7.55
packages/ckeditor5-remove-format/docs/features/remove-format.md,0,13,7.29,9.51,8.31,59.24,9.62,35.61,11.27
packages/ckeditor5-restricted-editing/CHANGELOG.md,0,7,8.38,12.74,8.67,46.89,10.85,48.95,11.38
packages/ckeditor5-restricted-editing/CONTRIBUTING.md,0,0,6.76,9.84,8.01,57.23,15.31,38.27,13.02
packages/ckeditor5-restricted-editing/LICENSE.md,0,3,10.84,13.77,10.53,43.98,14.24,58.51,13.93
packages/ckeditor5-restricted-editing/README.md,0,1,6.52,10.33,7.93,53.13,9.32,42.7,11.21
packages/ckeditor5-restricted-editing/docs/api/restricted-editing.md,0,0,3.32,5.43,5.43,63.59,7.39,35.15,8.24
packages/ckeditor5-restricted-editing/docs/features/restricted-editing.md,0,14,8.37,10.49,9.53,51.91,10.16,42.01,12.4
packages/ckeditor5-select-all/CHANGELOG.md,0,1,5.81,9.57,8.09,48.21,7.3,42.25,9.52
packages/ckeditor5-select-all/CONTRIBUTING.md,0,0,6.76,9.84,8.01,57.23,15.31,38.27,13.02
packages/ckeditor5-select-all/LICENSE.md,0,3,10.45,13.28,10.16,46.63,14.24,56.42,13.48
packages/ckeditor5-select-all/README.md,0,1,4.88,8.33,6.46,63.23,9.4,34.28,9.52
packages/ckeditor5-select-all/docs/api/select-all.md,0,1,4.55,7.68,6.93,54.64,7.69,35.01,8.84
packages/ckeditor5-select-all/docs/features/select-all.md,0,6,6.74,8.91,8.11,60.32,9.21,37.1,10.36
packages/ckeditor5-show-blocks/CHANGELOG.md,0,1,4.28,7.69,8.73,44.05,11.83,44.96,10.13
packages/ckeditor5-show-blocks/LICENSE.md,0,3,10.5,13.34,10.04,47.51,14.24,56.42,13.48
packages/ckeditor5-show-blocks/README.md,0,1,5.9,9.15,6.3,67.52,8.45,35.73,9.73
packages/ckeditor5-show-blocks/docs/api/show-blocks.md,0,0,4.72,7.98,5.3,66.6,6.89,35.87,8
packages/ckeditor5-show-blocks/docs/features/show-blocks.md,0,6,6.86,9.21,7.73,62.45,8.75,38.11,10.36
packages/ckeditor5-source-editing/CHANGELOG.md,0,1,3.94,7.2,7.4,52.7,9.07,39.33,8.84
packages/ckeditor5-source-editing/CONTRIBUTING.md,0,0,6.76,9.84,8.01,57.23,15.31,38.27,13.02
packages/ckeditor5-source-editing/LICENSE.md,0,3,10.65,13.52,10.29,45.75,14.24,57.46,13.71
packages/ckeditor5-source-editing/README.md,0,1,5.81,9.04,6.93,62.95,9.52,36.46,10.69
packages/ckeditor5-source-editing/docs/api/source-editing.md,0,0,3.35,5.11,5.3,64.05,7.71,32.11,7.91
packages/ckeditor5-source-editing/docs/features/source-editing.md,0,19,7.28,9.44,8.17,60.41,9.45,36.74,11.26
packages/ckeditor5-special-characters/CHANGELOG.md,0,2,6.72,10.3,7.6,49.48,10.62,51.15,9.66
packages/ckeditor5-special-characters/CONTRIBUTING.md,0,0,6.76,9.84,8.01,57.23,15.31,38.27,13.02
packages/ckeditor5-special-characters/LICENSE.md,0,3,10.84,13.77,10.41,44.87,14.65,58.51,13.71
packages/ckeditor5-special-characters/README.md,0,1,6.53,10.37,7.47,56.18,11.18,43.1,10.41
packages/ckeditor5-special-characters/docs/api/special-characters.md,0,0,3.83,5.71,5.6,61.88,8.74,34.67,7.91
packages/ckeditor5-special-characters/docs/features/special-characters.md,0,19,8.16,11.4,9.94,44.21,11.84,42.92,11.93
packages/ckeditor5-style/CHANGELOG.md,0,1,3.94,7.2,7.4,52.7,9.07,39.33,8.84
packages/ckeditor5-style/CONTRIBUTING.md,0,0,6.76,9.84,8.01,57.23,15.31,38.27,13.02
packages/ckeditor5-style/LICENSE.md,0,3,10.44,13.34,10.07,47.01,14.27,56.73,13.48
packages/ckeditor5-style/README.md,0,1,5.39,9.04,7.11,57.63,10.92,37.13,10.13
packages/ckeditor5-style/docs/api/style.md,0,0,3.86,6.13,5.31,64.52,8,33.17,7.79
packages/ckeditor5-style/docs/features/style.md,0,8,6.33,9.85,7.49,58.04,9.36,33.76,10.23
packages/ckeditor5-table/CHANGELOG.md,2,35,7.66,11.92,7.53,53.43,8.81,42.19,9.8
packages/ckeditor5-table/CONTRIBUTING.md,0,0,6.76,9.84,8.01,57.23,15.31,38.27,13.02
packages/ckeditor5-table/LICENSE.md,0,4,11.77,14.8,11.97,34.17,16.39,58.44,15.02
packages/ckeditor5-table/README.md,0,1,4.26,7.58,5.41,66.77,7.64,32.3,8.52
packages/ckeditor5-table/docs/api/table.md,0,0,2.28,-1.26,4.53,66.4,6.72,31.43,6.6
packages/ckeditor5-table/docs/features/tables-caption.md,0,10,5.16,8.09,6.73,65.18,7.48,33.67,9.22
packages/ckeditor5-table/docs/features/tables-resize.md,0,8,6.47,9.22,7.73,60.42,8.5,33.87,9.92
packages/ckeditor5-table/docs/features/tables-styling.md,0,13,7.05,9.87,7.75,60.57,8.11,34.05,10.06
packages/ckeditor5-table/docs/features/tables.md,0,62,7.55,9.44,8.79,57.28,9.42,36.11,10.68
packages/ckeditor5-theme-lark/CHANGELOG.md,9,58,7.93,11.95,7.85,54.79,9.99,41.05,10.76
packages/ckeditor5-theme-lark/CONTRIBUTING.md,0,0,6.76,9.84,8.01,57.23,15.31,38.27,13.02
packages/ckeditor5-theme-lark/LICENSE.md,0,3,10.29,13.15,9.95,47.9,14.27,55.68,13.48
packages/ckeditor5-theme-lark/README.md,0,1,5.55,9.28,7,57.11,11.08,38.11,9.96
packages/ckeditor5-theme-lark/docs/api/theme-lark.md,0,0,2.21,3.52,3.93,73.61,7.39,30.25,7.39
packages/ckeditor5-theme-lark/docs/examples/theme-customization.md,0,2,6.12,9.9,7.69,54.19,11.53,30.92,10.86
packages/ckeditor5-theme-lark/docs/framework/theme-customization.md,0,19,8.86,10.18,9.09,58.41,10.4,39,11.76
packages/ckeditor5-typing/CHANGELOG.md,2,33,6.73,10.76,7.19,55.56,8.68,41.13,9.65
packages/ckeditor5-typing/CONTRIBUTING.md,0,0,6.76,9.84,8.01,57.23,15.31,38.27,13.02
packages/ckeditor5-typing/LICENSE.md,0,4,11.81,14.85,11.97,34.17,16.39,58.44,15.02
packages/ckeditor5-typing/README.md,0,1,8.81,13.08,9.64,41.73,11.44,45.49,11.46
packages/ckeditor5-typing/docs/api/typing.md,0,1,8.17,12.55,9.57,38.61,9.13,44.15,10.44
packages/ckeditor5-typing/docs/features/text-transformation.md,0,8,8.69,11.96,9.04,51.1,10.38,38.19,11.56
packages/ckeditor5-ui/CHANGELOG.md,7,80,6.99,11.06,7.01,56.18,8.88,40.25,9.48
packages/ckeditor5-ui/CONTRIBUTING.md,0,0,6.76,9.84,8.01,57.23,15.31,38.27,13.02
packages/ckeditor5-ui/LICENSE.md,0,4,11.74,14.75,11.97,34.17,16.71,58.44,15.17
packages/ckeditor5-ui/README.md,0,1,6.25,10.05,8.46,48.91,12.48,40.43,10.95
packages/ckeditor5-ui/docs/api/ui.md,0,0,3.96,7.27,6.11,62.6,9.4,32.08,9.1
packages/ckeditor5-ui/docs/examples/custom-ui.md,0,2,6.31,9.97,8.49,49.85,12.61,36.07,11.98
packages/ckeditor5-ui/docs/features/blocktoolbar.md,0,12,7.02,8.38,7.83,65.65,9.47,36.21,10.3
packages/ckeditor5-ui/docs/framework/deep-dive/focus-tracking.md,4,107,8.72,8.96,9.53,58.76,11.31,38.46,11.76
packages/ckeditor5-ui/docs/framework/external-ui.md,0,17,7.86,8.99,8.53,62.22,10.71,38.17,11.42
packages/ckeditor5-undo/CHANGELOG.md,0,16,9.1,13.02,8.8,40.17,10.99,54.92,9.98
packages/ckeditor5-undo/CONTRIBUTING.md,0,0,6.76,9.84,8.01,57.23,15.31,38.27,13.02
packages/ckeditor5-undo/LICENSE.md,0,3,10.39,13.28,10.2,46.12,14.27,56.73,13.48
packages/ckeditor5-undo/README.md,0,1,5.41,9.1,7.49,53.03,11.32,39.18,9.96
packages/ckeditor5-undo/docs/api/undo.md,0,1,5.37,8.62,8.07,46.1,8.4,39,9.12
packages/ckeditor5-undo/docs/features/undo-redo.md,0,20,7.35,9.52,8.55,57.73,9.47,38.53,10.69
packages/ckeditor5-upload/CHANGELOG.md,0,34,6.38,10.27,7.23,54.21,8.45,41.84,9.48
packages/ckeditor5-upload/CONTRIBUTING.md,0,0,6.76,9.84,8.01,57.23,15.31,38.27,13.02
packages/ckeditor5-upload/LICENSE.md,0,3,10.49,13.4,10.2,46.12,14.27,56.73,13.48
packages/ckeditor5-upload/README.md,0,1,6.04,9.9,8.23,48.3,12.74,40.19,10.61
packages/ckeditor5-upload/docs/api/upload.md,0,0,5.64,9.28,8.77,42.59,9.19,34.4,9.93
packages/ckeditor5-upload/docs/features/base64-upload-adapter.md,0,16,6.95,9.11,8.87,55.14,9.57,34.31,11.81
packages/ckeditor5-upload/docs/features/simple-upload-adapter.md,0,17,7.49,9.21,9.01,56.3,10.65,35.56,11.99
packages/ckeditor5-utils/CHANGELOG.md,4,38,7.5,11.71,7.84,50.44,9.91,42.94,9.93
packages/ckeditor5-utils/CONTRIBUTING.md,0,0,6.76,9.84,8.01,57.23,15.31,38.27,13.02
packages/ckeditor5-utils/LICENSE.md,0,4,11.82,14.9,12.11,33.01,16.76,58.69,15.17
packages/ckeditor5-utils/README.md,0,1,4.69,8.22,7.58,53.19,12.09,39.14,10.41
packages/ckeditor5-utils/docs/api/utils.md,0,0,2.47,5.22,5.86,62.82,8.75,30.95,8.55
packages/ckeditor5-utils/docs/framework/deep-dive/observables.md,0,73,8.2,9.48,9.03,58.4,11.01,39.37,11.98
packages/ckeditor5-watchdog/CHANGELOG.md,0,13,8.04,12.31,9.09,43.93,9.78,43.8,10.57
packages/ckeditor5-watchdog/CONTRIBUTING.md,0,0,6.76,9.84,8.01,57.23,15.31,38.27,13.02
packages/ckeditor5-watchdog/LICENSE.md,0,4,11.89,14.94,11.97,34.17,16.39,59.24,15.02
packages/ckeditor5-watchdog/README.md,0,1,5.68,9.35,7.07,58.6,10.7,40.81,10.13
packages/ckeditor5-watchdog/docs/api/watchdog.md,0,0,3.74,6.24,5.83,61.27,8.91,35.61,8.24
packages/ckeditor5-watchdog/docs/features/watchdog.md,0,18,8.66,10.71,9.42,53.2,11.59,41.11,12.07
packages/ckeditor5-widget/CHANGELOG.md,10,33,7.68,11.89,8.02,51.18,10.05,43.77,10.28
packages/ckeditor5-widget/CONTRIBUTING.md,0,0,6.76,9.84,8.01,57.23,15.31,38.27,13.02
packages/ckeditor5-widget/LICENSE.md,0,4,11.66,14.66,11.97,34.17,16.39,57.65,15.02
packages/ckeditor5-widget/README.md,0,1,5.08,8.69,7.36,54.22,11.2,36.5,9.96
packages/ckeditor5-widget/docs/api/widget.md,1,10,5.86,9.03,8.31,53.55,9.5,36.43,10.71
packages/ckeditor5-widget/docs/framework/deep-dive/widget-internals.md,0,20,10.11,10.4,10.36,53.8,11.82,43.93,12.01
packages/ckeditor5-word-count/CHANGELOG.md,0,5,9.23,13.46,9.37,36.89,10.29,53.32,9.97
packages/ckeditor5-word-count/CONTRIBUTING.md,0,0,6.76,9.84,8.01,57.23,15.31,38.27,13.02
packages/ckeditor5-word-count/LICENSE.md,0,4,11.92,14.82,11.95,34.89,16.59,58.52,15.17
packages/ckeditor5-word-count/README.md,0,1,5.68,9.37,6.59,61.87,10.77,36.45,10.13
packages/ckeditor5-word-count/docs/api/word-count.md,0,1,2.89,5.62,4.65,70.96,8.39,26.23,8.3
packages/ckeditor5-word-count/docs/features/word-count.md,0,18,6.89,9.54,7.71,61.41,9.47,35.7,10.62
external/ckeditor5-commercial/packages/ckeditor5-import-word/LICENSE.md,0,7,10.39,12.73,9.85,50.63,13.26,55.49,13.26
external/ckeditor5-commercial/packages/ckeditor5-import-word/README.md,0,13,8.27,10.8,8.69,56.28,11.49,46.53,12.16
external/ckeditor5-commercial/packages/ckeditor5-import-word/docs/api/import-word.md,0,0,2.62,5.41,4.52,72.43,6.75,28.23,7.65
external/ckeditor5-commercial/packages/ckeditor5-import-word/docs/features/features-comparison.md,0,57,6.03,9.79,7.3,56.96,8.62,37.98,10.14
external/ckeditor5-commercial/packages/ckeditor5-import-word/docs/features/import-word.md,0,54,8.11,10.13,8.75,57.63,10.17,40.98,11.6
external/ckeditor5-commercial/packages/ckeditor5-operations-compressor/CHANGELOG.md,0,14,15.33,21.4,17.13,-13.57,17.75,67.55,14.02
external/ckeditor5-commercial/packages/ckeditor5-operations-compressor/LICENSE.md,0,9,12.26,15.32,12.56,30.29,17.21,59.69,15.79
external/ckeditor5-commercial/packages/ckeditor5-operations-compressor/README.md,0,11,11.77,14.38,12.8,29.75,16.17,56.57,15.11
external/ckeditor5-commercial/packages/ckeditor5-pagination/CHANGELOG.md,0,1,4.28,7.69,8.73,44.05,11.83,44.96,10.13
external/ckeditor5-commercial/packages/ckeditor5-pagination/LICENSE.md,0,8,12.31,15.2,12.61,30.61,16.81,61.88,15.47
external/ckeditor5-commercial/packages/ckeditor5-pagination/README.md,0,15,8.58,10.98,9.55,50.87,12.79,48.97,12.8
external/ckeditor5-commercial/packages/ckeditor5-pagination/docs/api/pagination.md,0,0,2.69,5.66,4.39,74.5,6.81,26.11,8.17
external/ckeditor5-commercial/packages/ckeditor5-pagination/docs/features/pagination-integration.md,0,41,8.89,10.06,9.1,58.84,11.43,38.34,11.73
external/ckeditor5-commercial/packages/ckeditor5-pagination/docs/features/pagination.md,0,27,7.59,10.22,8.81,54.35,11.02,39.97,11.49
external/ckeditor5-commercial/packages/ckeditor5-paste-from-office-enhanced/CHANGELOG.md,0,1,4.28,7.69,8.73,44.05,11.83,44.96,10.13
external/ckeditor5-commercial/packages/ckeditor5-paste-from-office-enhanced/LICENSE.md,0,7,11.11,13.42,10.13,49.4,13.23,57.6,13.26
external/ckeditor5-commercial/packages/ckeditor5-paste-from-office-enhanced/README.md,0,11,9.78,12.46,9.36,52.31,11.97,51.88,12.16
external/ckeditor5-commercial/packages/ckeditor5-paste-from-office-enhanced/docs/api/paste-from-office-enhanced.md,0,0,3.5,6.13,4.89,68.43,7.16,31.07,7.65
external/ckeditor5-commercial/packages/ckeditor5-paste-from-office-enhanced/docs/features/paste-from-office-enhanced.md,0,27,8.78,11.81,9.12,51.64,10.59,41.28,11.71
external/ckeditor5-commercial/packages/ckeditor5-real-time-collaboration/CHANGELOG.md,1,50,9.96,13.46,11.2,36.02,11.32,44.8,12.39
external/ckeditor5-commercial/packages/ckeditor5-real-time-collaboration/LICENSE.md,1,10,11.76,14.78,12.28,31.99,15.84,55.67,14.67
external/ckeditor5-commercial/packages/ckeditor5-real-time-collaboration/README.md,0,11,10.59,13.7,11.77,34.17,14.67,51.08,13.74
external/ckeditor5-commercial/packages/ckeditor5-real-time-collaboration/docs/features/real-time-collaboration-integration.md,0,66,9.58,10.66,10.41,50.36,12.87,42.68,13.09
external/ckeditor5-commercial/packages/ckeditor5-real-time-collaboration/docs/features/real-time-collaboration.md,0,16,9.16,11.55,10.48,44.77,12.1,43.1,12.62
external/ckeditor5-commercial/packages/ckeditor5-real-time-collaboration/docs/features/users-in-real-time-collaboration.md,0,37,8.55,9.92,9.98,51.51,11.89,38.83,12.4
external/ckeditor5-commercial/packages/ckeditor5-revision-history/CHANGELOG.md,0,1,4.35,7.69,6.71,61.24,8.2,45.5,8.84
external/ckeditor5-commercial/packages/ckeditor5-revision-history/LICENSE.md,0,8,11.88,14.93,12.54,30.07,17.89,61.14,15.77
external/ckeditor5-commercial/packages/ckeditor5-revision-history/README.md,0,12,9.63,12.92,10.72,39.95,14.61,53.4,13.38
external/ckeditor5-commercial/packages/ckeditor5-revision-history/docs/api/revision-history.md,0,0,5.98,9.32,6.9,62.83,10.76,33.8,10.5
external/ckeditor5-commercial/packages/ckeditor5-revision-history/docs/features/revision-history-integration.md,0,87,8.5,10.3,9.74,51.72,13.28,41.01,12.93
external/ckeditor5-commercial/packages/ckeditor5-revision-history/docs/features/revision-history.md,0,6,7.33,9.97,9.02,52.52,12.25,43.9,12.04
external/ckeditor5-commercial/packages/ckeditor5-slash-command/CHANGELOG.md,0,1,3.94,7.2,7.4,52.7,9.07,39.33,8.84
external/ckeditor5-commercial/packages/ckeditor5-slash-command/LICENSE.md,0,7,10.63,13.23,9.92,49.36,13.31,59.29,13.26
external/ckeditor5-commercial/packages/ckeditor5-slash-command/README.md,0,12,8.39,11.13,8.74,55.2,11.89,50.6,12.06
external/ckeditor5-commercial/packages/ckeditor5-slash-command/docs/api/slash-command.md,0,1,3.8,7.08,5.45,69.22,8.35,32.82,9.15
external/ckeditor5-commercial/packages/ckeditor5-slash-command/docs/features/slash-commands.md,0,35,6.63,8.81,7.87,61.92,9.16,38.06,10.34
external/ckeditor5-commercial/packages/ckeditor5-template/CHANGELOG.md,0,1,4.28,7.69,8.73,44.05,11.83,44.96,10.13
external/ckeditor5-commercial/packages/ckeditor5-template/LICENSE.md,0,7,10.6,13.4,10.01,47.99,13.38,60.25,13.26
external/ckeditor5-commercial/packages/ckeditor5-template/README.md,0,12,8.58,11.59,8.79,53.88,11.43,52.1,11.75
external/ckeditor5-commercial/packages/ckeditor5-template/docs/api/template.md,0,0,5.84,9.62,6.86,59.12,7.75,38.79,9.44
external/ckeditor5-commercial/packages/ckeditor5-template/docs/features/template.md,0,14,7.1,9.84,8.25,57.39,10.11,41.08,10.95
external/ckeditor5-commercial/packages/ckeditor5-track-changes/CHANGELOG.md,0,30,9.99,13.79,10.1,42.63,10.56,46.7,12.14
external/ckeditor5-commercial/packages/ckeditor5-track-changes/LICENSE.md,0,8,11.7,14.39,11.58,38.13,15.56,59.36,14.87
external/ckeditor5-commercial/packages/ckeditor5-track-changes/README.md,0,10,9.13,12.63,9.75,45.5,11.58,49.56,12.09
external/ckeditor5-commercial/packages/ckeditor5-track-changes/docs/api/track-changes.md,0,0,3.28,5.15,4.51,69.83,5.89,32.57,7.45
external/ckeditor5-commercial/packages/ckeditor5-track-changes/docs/features/track-changes-custom-features.md,0,38,9.39,11.68,9.67,51.22,11.59,46.35,12.22
external/ckeditor5-commercial/packages/ckeditor5-track-changes/docs/features/track-changes-data.md,0,11,8.51,10.51,9.64,51.66,11.18,39.02,11.89
external/ckeditor5-commercial/packages/ckeditor5-track-changes/docs/features/track-changes-integration.md,0,68,8.2,9.81,9.23,55.73,11.5,37.1,11.71
external/ckeditor5-commercial/packages/ckeditor5-track-changes/docs/features/track-changes.md,0,41,7.53,9.89,8.66,56.38,10.78,38.4,11.6
packages/ckeditor5-adapter-ckfinder/CHANGELOG.md,0,14,9.74,13.66,10.06,30.8,11.73,57.88,10.29
packages/ckeditor5-adapter-ckfinder/CONTRIBUTING.md,0,0,6.76,9.84,8.01,57.23,15.31,38.27,13.02
packages/ckeditor5-adapter-ckfinder/LICENSE.md,0,3,10.59,13.52,10.32,45.23,14.69,57.78,13.71
packages/ckeditor5-adapter-ckfinder/README.md,0,1,7.36,10.97,9.02,47.96,13.06,38.99,11.93
packages/ckeditor5-adapter-ckfinder/docs/api/adapter-ckfinder.md,0,0,4.07,7.41,6.63,58.9,10.69,32.96,9.89
packages/ckeditor5-alignment/CHANGELOG.md,0,11,9.49,13.58,9,38.94,12.64,56.23,10.49
packages/ckeditor5-alignment/CONTRIBUTING.md,0,0,6.76,9.84,8.01,57.23,15.31,38.27,13.02
packages/ckeditor5-alignment/LICENSE.md,0,3,10.65,13.52,10.29,45.75,14.65,57.46,13.71
packages/ckeditor5-alignment/README.md,0,1,5.6,9.34,7.06,57.12,11.27,38.7,10.13
packages/ckeditor5-alignment/docs/api/alignment.md,0,0,3.35,5.11,5.3,64.05,8.74,32.11,7.91
packages/ckeditor5-alignment/docs/features/text-alignment.md,0,16,6.34,9.44,7.48,60.48,9.98,37.37,10.63
packages/ckeditor5-autoformat/CHANGELOG.md,0,27,8.16,12.54,8.8,44.11,9.89,46.87,10.22
packages/ckeditor5-autoformat/CONTRIBUTING.md,0,0,6.76,9.84,8.01,57.23,15.31,38.27,13.02
packages/ckeditor5-autoformat/LICENSE.md,0,3,10.69,13.65,10.45,44.34,14.69,57.78,13.71
packages/ckeditor5-autoformat/README.md,0,1,6.04,9.9,7.83,51.57,10.97,38.36,9.99
packages/ckeditor5-autoformat/docs/api/autoformat.md,0,0,3.77,6.24,6.14,59.01,8.31,30.99,8
packages/ckeditor5-autoformat/docs/features/autoformat.md,0,11,6.54,9.93,7.71,57.49,8.77,37.22,10.6
packages/ckeditor5-autosave/CHANGELOG.md,0,7,9.39,13.38,8.85,39.87,10.5,54.91,10.09
packages/ckeditor5-autosave/CONTRIBUTING.md,0,0,6.76,9.84,8.01,57.23,15.31,38.27,13.02
packages/ckeditor5-autosave/LICENSE.md,0,4,11.89,14.94,12.07,33.5,16.71,59.24,15.17
packages/ckeditor5-autosave/README.md,0,1,5.68,9.44,7.62,52.42,12.05,40.76,10.29
packages/ckeditor5-autosave/docs/api/autosave.md,0,0,4.06,5.99,6.49,55.44,9.56,35.32,8.17
packages/ckeditor5-autosave/docs/features/autosave.md,0,16,7.15,8.35,8.43,62.03,9.8,35.99,10.73
packages/ckeditor5-basic-styles/CHANGELOG.md,0,17,8.47,12.02,7.73,47.4,9.64,51.08,9.59
packages/ckeditor5-basic-styles/CONTRIBUTING.md,0,0,6.76,9.84,8.01,57.23,15.31,38.27,13.02
packages/ckeditor5-basic-styles/LICENSE.md,0,3,10.55,13.4,10.16,46.63,14.24,56.42,13.48
packages/ckeditor5-basic-styles/README.md,0,1,5.96,9.55,7.55,56.55,10.36,37.32,10.69
packages/ckeditor5-basic-styles/docs/api/basic-styles.md,0,0,3.84,4.3,5.01,64.69,6.96,33.47,7.59
packages/ckeditor5-basic-styles/docs/features/basic-styles.md,0,19,7.06,9.45,7.85,61.67,9.4,35.86,11.03
packages/ckeditor5-block-quote/CHANGELOG.md,0,16,8.67,12.71,8.12,45.63,10.18,53.66,9.87
packages/ckeditor5-block-quote/CONTRIBUTING.md,0,0,6.76,9.84,8.01,57.23,15.31,38.27,13.02
packages/ckeditor5-block-quote/LICENSE.md,0,3,10.5,13.34,10.04,47.51,14.24,56.42,13.48
packages/ckeditor5-block-quote/README.md,0,1,5.1,8.72,6.23,63.06,9.87,35.2,9.52
packages/ckeditor5-block-quote/docs/api/block-quote.md,0,0,3.15,4.73,4.83,67.17,7.84,30.12,7.55
packages/ckeditor5-block-quote/docs/features/block-quote.md,0,17,7.39,9.9,8.49,56.87,10.63,37.53,11.47
packages/ckeditor5-build-balloon-block/CHANGELOG.md,6,27,2.31,4.77,6.91,62.54,12.24,36.74,11.57
packages/ckeditor5-build-balloon-block/CONTRIBUTING.md,0,0,6.76,9.84,8.01,57.23,15.31,38.27,13.02
packages/ckeditor5-build-balloon-block/LICENSE.md,0,4,11.88,14.83,11.99,34.44,16.63,57.97,15.17
packages/ckeditor5-build-balloon-block/README.md,0,2,5.87,9.46,6.95,60.64,10.63,35.24,10.36
packages/ckeditor5-build-balloon/CHANGELOG.md,18,60,2.21,4.5,7.12,61.9,12.01,36.16,11.56
packages/ckeditor5-build-balloon/CONTRIBUTING.md,0,0,6.76,9.84,8.01,57.23,15.31,38.27,13.02
packages/ckeditor5-build-balloon/LICENSE.md,0,4,11.85,14.84,12.03,33.97,16.67,58.21,15.17
packages/ckeditor5-build-balloon/README.md,0,2,5.62,9.24,7.05,59.13,11.23,35.13,10.43
packages/ckeditor5-build-classic/CHANGELOG.md,18,62,2.3,4.62,7.14,61.72,11.94,36.32,11.53
packages/ckeditor5-build-classic/CONTRIBUTING.md,0,0,6.76,9.84,8.01,57.23,15.31,38.27,13.02
packages/ckeditor5-build-classic/LICENSE.md,0,4,11.85,14.84,12.03,33.97,16.67,58.21,15.17
packages/ckeditor5-build-classic/README.md,0,2,5.62,9.24,7.05,59.13,11.23,35.13,10.43
packages/ckeditor5-build-decoupled-document/CHANGELOG.md,17,70,2.39,4.76,7.09,61.88,12.1,36.71,11.63
packages/ckeditor5-build-decoupled-document/CONTRIBUTING.md,0,0,6.76,9.84,8.01,57.23,15.31,38.27,13.02
packages/ckeditor5-build-decoupled-document/LICENSE.md,0,4,11.88,14.88,12.12,33.3,16.98,58.21,15.32
packages/ckeditor5-build-decoupled-document/README.md,0,2,6.41,10.15,7.95,53.32,12.27,36.8,11.31
packages/ckeditor5-build-inline/CHANGELOG.md,18,58,2.21,4.49,7.14,61.78,12.02,35.92,11.57
packages/ckeditor5-build-inline/CONTRIBUTING.md,0,0,6.76,9.84,8.01,57.23,15.31,38.27,13.02
packages/ckeditor5-build-inline/LICENSE.md,0,4,11.81,14.79,12.03,33.97,16.67,57.42,15.17
packages/ckeditor5-build-inline/README.md,0,2,5.53,9.13,7.05,59.13,11.23,33.21,10.43
packages/ckeditor5-build-multi-root/CHANGELOG.md,0,1,3.94,7.2,7.4,52.7,9.07,39.33,8.84
packages/ckeditor5-build-multi-root/CONTRIBUTING.md,0,0,6.76,9.84,8.01,57.23,15.31,38.27,13.02
packages/ckeditor5-build-multi-root/LICENSE.md,0,4,11.77,14.69,11.99,34.44,16.63,57.19,15.17
packages/ckeditor5-build-multi-root/README.md,0,2,5.57,9.01,7.07,60.28,11.21,33.28,10.59
packages/ckeditor5-ckbox/CHANGELOG.md,0,1,3.94,7.2,7.4,52.7,9.07,39.33,8.84
packages/ckeditor5-ckbox/LICENSE.md,0,4,10.23,13.48,10.26,44.07,14.19,56.53,13.73
packages/ckeditor5-ckbox/README.md,0,4,7.12,10.21,8.76,52.21,12.01,33,11.86
packages/ckeditor5-ckbox/docs/api/ckbox.md,0,3,3.64,6.89,6.14,64.06,9.66,27.31,9.85
packages/ckeditor5-ckbox/docs/features/ckbox.md,0,53,8.16,10.19,9.26,53.92,10.36,38.52,12.04
packages/ckeditor5-ckfinder/CHANGELOG.md,0,6,10.75,14.58,10.24,28.96,11.41,62.11,10.05
packages/ckeditor5-ckfinder/LICENSE.md,0,3,10.59,13.52,10.2,46.12,14.27,57.78,13.48
packages/ckeditor5-ckfinder/README.md,0,4,7.79,10.99,9.19,49.36,11.98,36.82,11.86
packages/ckeditor5-ckfinder/docs/api/ckfinder.md,0,3,3.33,6.52,5.86,65.39,8.99,26.92,9.47
packages/ckeditor5-ckfinder/docs/features/ckfinder.md,0,40,7.3,9.82,9.03,52.9,10.56,38.09,11.82
packages/ckeditor5-clipboard/CHANGELOG.md,0,34,8.33,12.75,9.73,37.92,11.55,46.28,11.04
packages/ckeditor5-clipboard/CONTRIBUTING.md,0,0,6.76,9.84,8.01,57.23,15.31,38.27,13.02
packages/ckeditor5-clipboard/LICENSE.md,0,4,11.92,14.99,11.97,34.17,16.39,59.24,15.02
packages/ckeditor5-clipboard/README.md,0,1,5.69,9.46,7.26,55.77,10.86,39.14,9.96
packages/ckeditor5-clipboard/docs/api/clipboard.md,0,1,5.26,8.73,7.45,51.59,7.95,37.74,9.12
packages/ckeditor5-clipboard/docs/features/drag-drop.md,0,20,6.27,8.74,6.83,67.85,8.16,29.31,9.55
packages/ckeditor5-clipboard/docs/features/paste-plain-text.md,0,13,7.65,10.59,7.56,62.05,7.9,38.23,9.81
packages/ckeditor5-clipboard/docs/framework/deep-dive/clipboard.md,1,27,9.12,9.39,9.53,59.04,11.22,43.38,11.34
packages/ckeditor5-cloud-services/CHANGELOG.md,0,22,9.97,14.79,11.64,24.45,13.1,54.84,11.99
packages/ckeditor5-cloud-services/CONTRIBUTING.md,0,0,6.76,9.84,8.01,57.23,15.31,38.27,13.02
packages/ckeditor5-cloud-services/LICENSE.md,0,3,10.84,13.77,10.53,43.98,14.65,57.46,13.93
packages/ckeditor5-cloud-services/README.md,0,1,6.14,10.02,7.98,50.06,11.08,38.11,10.29
packages/ckeditor5-cloud-services/docs/api/cloud-services.md,0,0,4.15,5.9,6.33,56.39,8.17,33.75,8.08
packages/ckeditor5-code-block/CHANGELOG.md,0,3,7.81,11.62,7.55,49.76,10.08,50.51,9.67
packages/ckeditor5-code-block/CONTRIBUTING.md,0,0,6.76,9.84,8.01,57.23,15.31,38.27,13.02
packages/ckeditor5-code-block/LICENSE.md,0,4,11.77,14.74,11.84,35.3,16.35,58.21,15.02
packages/ckeditor5-code-block/README.md,0,1,4.83,8.22,5.82,68.28,9.32,33.75,9.52
packages/ckeditor5-code-block/docs/api/code-block.md,0,0,2.86,4.5,4.69,68.38,7.71,29.54,7.55
packages/ckeditor5-code-block/docs/features/code-blocks.md,1,37,8.13,9.64,8.34,62.47,10.36,38.32,11.59
packages/ckeditor5-core/CHANGELOG.md,6,47,6.51,10.37,6.87,56.27,8.36,41.65,9.23
packages/ckeditor5-core/CONTRIBUTING.md,0,0,6.76,9.84,8.01,57.23,15.31,38.27,13.02
packages/ckeditor5-core/LICENSE.md,0,4,11.99,15.02,12.21,32.64,16.98,58.21,15.32
packages/ckeditor5-core/README.md,0,2,8.79,12.76,10.37,38.32,16.1,44.05,13.02
packages/ckeditor5-core/docs/api/core.md,0,0,4.85,8.41,6.65,59.39,10.26,32.4,9.57
packages/ckeditor5-easy-image/CHANGELOG.md,0,25,10.45,15.36,12.49,19.12,13.39,55.19,12.29
packages/ckeditor5-easy-image/CONTRIBUTING.md,0,0,6.76,9.84,8.01,57.23,15.31,38.27,13.02
packages/ckeditor5-easy-image/LICENSE.md,0,3,10.45,13.28,10.29,45.75,14.24,56.42,13.48
packages/ckeditor5-easy-image/README.md,0,3,8.01,11.66,9.72,43.68,10.83,35.94,11.74
packages/ckeditor5-easy-image/docs/api/easy-image.md,0,2,5.55,9.29,7.87,50.63,9.12,33.91,10.32
packages/ckeditor5-easy-image/docs/features/easy-image.md,0,39,7.83,9.96,9.1,54.46,9.99,37.65,12.12
packages/ckeditor5-editor-balloon/CHANGELOG.md,0,30,8.8,13.34,10.02,35.47,12.42,49.33,11.24
packages/ckeditor5-editor-balloon/CONTRIBUTING.md,0,0,6.76,9.84,8.01,57.23,15.31,38.27,13.02
packages/ckeditor5-editor-balloon/LICENSE.md,0,4,12.15,15.33,12.29,31.66,16.76,58.69,15.17
packages/ckeditor5-editor-balloon/README.md,0,2,6.76,10.33,8.81,48.89,12.58,36.21,11.57
packages/ckeditor5-editor-balloon/docs/api/editor-balloon.md,0,1,4.5,7.84,6.8,56.6,10.31,29.77,9.27
packages/ckeditor5-editor-classic/CHANGELOG.md,0,27,8.25,12.62,9.22,42.52,11.52,46.63,11.18
packages/ckeditor5-editor-classic/CONTRIBUTING.md,0,0,6.76,9.84,8.01,57.23,15.31,38.27,13.02
packages/ckeditor5-editor-classic/LICENSE.md,0,4,12.15,15.33,12.29,31.66,16.76,58.69,15.17
packages/ckeditor5-editor-classic/README.md,0,2,6.57,10.18,8.5,50.62,11.94,36.72,11.21
packages/ckeditor5-editor-classic/docs/api/editor-classic.md,0,1,4.3,7.52,6.4,59.04,9.44,30.54,8.84
packages/ckeditor5-editor-decoupled/CHANGELOG.md,2,26,9.02,13.6,10.26,34.46,12.1,48.98,11.28
packages/ckeditor5-editor-decoupled/CONTRIBUTING.md,0,0,6.76,9.84,8.01,57.23,15.31,38.27,13.02
packages/ckeditor5-editor-decoupled/LICENSE.md,0,4,12.23,15.42,12.39,30.98,16.76,58.69,15.32
packages/ckeditor5-editor-decoupled/README.md,0,2,6.8,10.47,8.85,48.13,12.34,36.72,11.74
packages/ckeditor5-editor-decoupled/docs/api/editor-decoupled.md,0,1,4.69,8.01,6.89,55.51,9.44,30.54,9.47
packages/ckeditor5-editor-decoupled/docs/framework/document-editor.md,0,15,7.89,9.48,8.87,58.12,11.94,37.11,12.39
packages/ckeditor5-editor-inline/CHANGELOG.md,0,34,8.19,12.55,9.05,43.54,11.17,46.23,10.93
packages/ckeditor5-editor-inline/CONTRIBUTING.md,0,0,6.76,9.84,8.01,57.23,15.31,38.27,13.02
packages/ckeditor5-editor-inline/LICENSE.md,0,4,12.12,15.28,12.29,31.66,16.76,57.89,15.17
packages/ckeditor5-editor-inline/README.md,0,2,6.39,9.95,8.62,49.79,11.94,33.78,11.39
packages/ckeditor5-editor-inline/docs/api/editor-inline.md,0,1,4.1,7.28,6.4,59.04,9.44,26.37,8.84
packages/ckeditor5-editor-multi-root/CHANGELOG.md,0,1,3.94,7.2,7.4,52.7,9.07,39.33,8.84
packages/ckeditor5-editor-multi-root/CONTRIBUTING.md,0,0,6.76,9.84,8.01,57.23,15.31,38.27,13.02
packages/ckeditor5-editor-multi-root/LICENSE.md,0,4,12.07,15.17,12.25,32.15,16.71,57.65,15.17
packages/ckeditor5-editor-multi-root/README.md,0,2,5.58,9.15,7.44,56.73,10.89,31.19,10.5
packages/ckeditor5-editor-multi-root/docs/api/editor-multi-root.md,0,1,3.04,5.66,5.14,67.01,8.22,25.24,8.14
packages/ckeditor5-engine/CHANGELOG.md,26,266,6.62,10.61,6.83,59.03,7.89,38.17,9.31
packages/ckeditor5-engine/CONTRIBUTING.md,0,0,6.76,9.84,8.01,57.23,15.31,38.27,13.02
packages/ckeditor5-engine/LICENSE.md,0,4,11.81,14.85,12.07,33.5,16.39,58.44,15.17
packages/ckeditor5-engine/README.md,0,20,8.35,11.83,9.53,46.29,11.78,41.76,12.19
packages/ckeditor5-engine/docs/api/engine.md,0,0,4.78,8.33,6.81,58.24,9.18,33.75,9.57
packages/ckeditor5-engine/docs/framework/deep-dive/conversion/downcast.md,2,32,6.75,8.71,8.04,61.68,9.8,38.02,11.24
packages/ckeditor5-engine/docs/framework/deep-dive/conversion/helpers/downcast.md,1,45,8.65,10.21,9.39,55.13,11.05,41.98,12.02
packages/ckeditor5-engine/docs/framework/deep-dive/conversion/helpers/intro.md,0,3,5.38,8,7.03,64.73,9.58,32.8,10.91
packages/ckeditor5-engine/docs/framework/deep-dive/conversion/helpers/upcast.md,0,45,9.53,10.64,10.47,49.76,12.33,45.13,13.2
packages/ckeditor5-engine/docs/framework/deep-dive/conversion/intro.md,0,17,6.78,9.37,7.78,61.05,9.25,34.05,10.41
packages/ckeditor5-engine/docs/framework/deep-dive/conversion/upcast.md,0,26,7.98,9.7,9.1,56.08,10.03,40.08,11.63
packages/ckeditor5-engine/docs/framework/deep-dive/event-system.md,2,47,4.45,7.88,6.25,63.61,8.29,33.38,9.52
packages/ckeditor5-engine/docs/framework/deep-dive/schema.md,2,106,9.05,10.53,9.57,54.55,11.03,41.51,11.89
packages/ckeditor5-enter/CHANGELOG.md,0,27,8.72,13.21,9.85,37.73,11.33,48.66,11.25
external/ckeditor5-commercial/packages/ckeditor5-ai/CHANGELOG.md,0,1,4.35,7.69,6.71,61.24,8.2,45.5,8.84
external/ckeditor5-commercial/packages/ckeditor5-ai/LICENSE.md,0,7,9.73,12.31,9.64,50.61,13.38,57.16,13.26
external/ckeditor5-commercial/packages/ckeditor5-ai/README.md,0,15,9.24,11.96,9.85,48.2,12.92,52.45,13.2
external/ckeditor5-commercial/packages/ckeditor5-ai/docs/api/ai.md,0,1,6.72,10.69,7.99,48.68,11.43,40.82,10.13
external/ckeditor5-commercial/packages/ckeditor5-ai/docs/features/ai-assistant-integration.md,0,76,7.51,10.07,8.47,56.93,10.75,39.56,11.33
external/ckeditor5-commercial/packages/ckeditor5-ai/docs/features/ai-assistant-overview.md,0,23,8.14,10.31,9.06,54.84,11.23,42.05,11.99
external/ckeditor5-commercial/packages/ckeditor5-collaboration-core/CHANGELOG.md,0,13,10.14,14.81,12.57,20.25,12.18,49.53,12.2
external/ckeditor5-commercial/packages/ckeditor5-collaboration-core/LICENSE.md,0,8,11.61,14.54,12,34.12,16.14,55.94,14.98
external/ckeditor5-commercial/packages/ckeditor5-collaboration-core/README.md,0,12,11.22,13.88,12.08,34.26,15.37,55.48,14.27
external/ckeditor5-commercial/packages/ckeditor5-collaboration/CHANGELOG.md,0,1,4.35,7.69,6.71,61.24,8.2,45.5,8.84
external/ckeditor5-commercial/packages/ckeditor5-collaboration/LICENSE.md,0,8,11.62,14.74,12.15,32.37,16.28,56.77,14.98
external/ckeditor5-commercial/packages/ckeditor5-collaboration/README.md,0,12,11.37,14.13,12.34,32.14,15.78,56.66,14.46
external/ckeditor5-commercial/packages/ckeditor5-collaboration/docs/features/collaboration.md,0,19,9.52,11.75,10.26,47.32,12.05,43.93,12.19
external/ckeditor5-commercial/packages/ckeditor5-comments/CHANGELOG.md,0,57,8.52,12.19,9.33,47.01,9.6,45.16,10.85
external/ckeditor5-commercial/packages/ckeditor5-comments/LICENSE.md,0,8,11.03,13.97,11.17,39.57,15.09,57.28,14.41
external/ckeditor5-commercial/packages/ckeditor5-comments/README.md,0,17,9.34,12.38,10.29,43.79,12.92,51.42,12.86
external/ckeditor5-commercial/packages/ckeditor5-comments/docs/api/comments.md,0,0,4.23,4.02,5.99,57.15,5.84,38.13,6.82
external/ckeditor5-commercial/packages/ckeditor5-comments/docs/features/annotations-custom-configuration.md,0,11,7.89,10.76,9.29,50.22,11.43,39.98,11.55
external/ckeditor5-commercial/packages/ckeditor5-comments/docs/features/annotations-custom-template.md,0,13,5.21,8.54,5.9,68.88,7.71,34.46,9.19
external/ckeditor5-commercial/packages/ckeditor5-comments/docs/features/annotations-custom-theme.md,0,3,9.37,10.15,10.9,47.71,14.07,42.01,13.61
external/ckeditor5-commercial/packages/ckeditor5-comments/docs/features/annotations-custom-view.md,1,36,7.17,8.88,7.26,68.59,9.04,35.13,9.95
external/ckeditor5-commercial/packages/ckeditor5-comments/docs/features/annotations-display-mode.md,0,42,9.61,11.1,9.82,53.17,11.86,44.17,12.18
external/ckeditor5-commercial/packages/ckeditor5-comments/docs/features/annotations.md,0,5,7.23,11.26,7.84,53.37,10.49,36.54,10.19
external/ckeditor5-commercial/packages/ckeditor5-comments/docs/features/comments-archive.md,0,18,8.88,10.09,8.64,62,9.92,43.03,10.18
external/ckeditor5-commercial/packages/ckeditor5-comments/docs/features/comments-integration.md,0,66,8.02,9.64,8.99,57.26,10.92,38.2,11.34
external/ckeditor5-commercial/packages/ckeditor5-comments/docs/features/comments-only-mode.md,0,12,8.39,9.46,8.96,59.75,10.81,36.76,11.37
external/ckeditor5-commercial/packages/ckeditor5-comments/docs/features/comments-outside-editor.md,0,25,6.23,8.66,6.89,67.49,8.88,34.6,10.13
external/ckeditor5-commercial/packages/ckeditor5-comments/docs/features/comments-walkthrough.md,0,37,8.34,11.17,8.25,58.3,9.19,44.21,10.77
external/ckeditor5-commercial/packages/ckeditor5-comments/docs/features/comments.md,0,50,7.6,9.69,8.27,60.31,9.71,41.09,10.99
external/ckeditor5-commercial/packages/ckeditor5-document-outline/CHANGELOG.md,0,1,4.28,7.69,8.73,44.05,11.83,44.96,10.13
external/ckeditor5-commercial/packages/ckeditor5-document-outline/LICENSE.md,0,8,12.45,15.15,12.46,32.44,16.67,63.89,15.47
external/ckeditor5-commercial/packages/ckeditor5-document-outline/README.md,0,12,9.12,11.87,9.45,50.82,12.5,54.35,12.37
external/ckeditor5-commercial/packages/ckeditor5-document-outline/docs/api/document-outline.md,0,0,5.57,9.25,7.47,55.42,9.21,39.81,9.52
external/ckeditor5-commercial/packages/ckeditor5-document-outline/docs/features/document-outline.md,0,19,6.59,9.82,8.06,55.93,9.96,38.7,10.75
external/ckeditor5-commercial/packages/ckeditor5-document-outline/docs/features/table-of-contents.md,0,8,6.66,9.43,7.87,59.49,10.12,40.18,10.75
external/ckeditor5-commercial/packages/ckeditor5-export-pdf/CHANGELOG.md,0,1,4.28,7.69,8.73,44.05,11.83,44.96,10.13
external/ckeditor5-commercial/packages/ckeditor5-export-pdf/LICENSE.md,0,8,9.98,12.22,9.85,50.63,13.26,55.49,13.26
external/ckeditor5-commercial/packages/ckeditor5-export-pdf/README.md,0,14,7.6,10.04,8.54,56.98,11.62,46.11,11.96
external/ckeditor5-commercial/packages/ckeditor5-export-pdf/docs/api/export-pdf.md,0,1,1.94,4.46,4.44,72.59,7.81,26.68,8.08
external/ckeditor5-commercial/packages/ckeditor5-export-pdf/docs/features/export-pdf.md,0,53,5.84,7.95,7.01,67.56,9.63,33.18,10.49
external/ckeditor5-commercial/packages/ckeditor5-export-word/CHANGELOG.md,0,1,4.28,7.69,8.73,44.05,11.83,44.96,10.13
external/ckeditor5-commercial/packages/ckeditor5-export-word/LICENSE.md,0,7,10.12,12.39,9.85,50.63,13.26,55.49,13.26
external/ckeditor5-commercial/packages/ckeditor5-export-word/README.md,0,14,7.8,10.26,8.53,57.24,11.48,45.98,11.96
external/ckeditor5-commercial/packages/ckeditor5-export-word/docs/api/export-word.md,0,0,2.16,4.67,4.54,71.64,7.9,27.08,8.08
external/ckeditor5-commercial/packages/ckeditor5-export-word/docs/features/export-word.md,0,41,6.65,9.01,7.75,62.07,9.99,36.01,11.17
external/ckeditor5-commercial/packages/ckeditor5-format-painter/CHANGELOG.md,0,1,3.94,7.2,7.4,52.7,9.07,39.33,8.84
external/ckeditor5-commercial/packages/ckeditor5-format-painter/LICENSE.md,0,7,10.77,13.41,10.28,46.82,13.31,59.29,13.26
external/ckeditor5-commercial/packages/ckeditor5-format-painter/README.md,0,12,8.51,11.09,9.1,53.36,11.68,48.94,12.06
external/ckeditor5-commercial/packages/ckeditor5-format-painter/docs/api/format-painter.md,0,0,3.86,7.18,5.82,66.02,7.76,29.93,9.19
external/ckeditor5-commercial/packages/ckeditor5-format-painter/docs/features/format-painter.md,0,28,6.76,9.21,7.57,63.11,8.48,35.96,10.71
external/ckeditor5-commercial/packages/ckeditor5-import-word/CHANGELOG.md,0,1,4.28,7.69,8.73,44.05,11.83,44.96,10.13